{
    "AIC": 0.4828167376050245,
    "BIC": 0.09225465003912481,
    "Intercept": 16.549100674673788,
    "Coef_1": -0.04702693270746572,
    "Coef_2": 0.2338315805306408,
    "Coef_3": -0.33654150078923184
}